No#,Brand,City,Year,StoreCount
188,Highlands Coffee,Quảng Nam,2019,2
158,Cộng Cà Phê,Cần Thơ,2019,0
231,Trung Nguyên,Hải Phòng,2019,0
11,Cộng Cà Phê,Quảng Nam,2017,1
145,The Coffee House,Tiền Giang,2018,1
64,The Coffee House,Nha Trang,2017,0
57,The Coffee House,Đắk Lắk,2017,0
35,Highlands Coffee,Thanh Hóa,2017,3
8,Cộng Cà Phê,Lạng Sơn,2017,0
112,Highlands Coffee,Thái Bình,2018,1
111,Highlands Coffee,Quảng Ninh,2018,3
172,Cộng Cà Phê,Thừa Thiên Huế,2019,1
230,Trung Nguyên,Hà Nội,2019,8
128,Starbucks,Hải Phòng,2018,1
36,Highlands Coffee,Thừa Thiên Huế,2017,2
153,Trung Nguyên,Hải Phòng,2018,0
166,Cộng Cà Phê,Nha Trang,2019,1
135,The Coffee House,Đắk Lắk,2018,2
56,The Coffee House,Đà Nẵng,2017,5
34,Highlands Coffee,Thái Bình,2017,1
45,Phúc Long,Hồ Chí Minh,2017,25
121,Phúc Long,Hà Nội,2018,0
193,Highlands Coffee,Tiền Giang,2019,1
220,The Coffee House,Nha Trang,2019,1
31,Highlands Coffee,Phú Thọ,2017,0
80,Cộng Cà Phê,Cần Thơ,2018,0
32,Highlands Coffee,Quảng Nam,2017,1
61,The Coffee House,Hồ Chí Minh,2017,55
79,Cộng Cà Phê,Bắc Ninh,2018,0
68,The Coffee House,Vũng Tàu,2017,1
1,Cộng Cà Phê,Bắc Ninh,2017,0
183,Highlands Coffee,Long An,2019,1
70,Trung Nguyên,Cần Thơ,2017,4
113,Highlands Coffee,Thanh Hóa,2018,4
4,Cộng Cà Phê,Gyeonggi,2017,0
98,Highlands Coffee,Cần Thơ,2018,5
101,Highlands Coffee,Hà Nội,2018,75
104,Highlands Coffee,Hưng Yên,2018,1
164,Cộng Cà Phê,Lạng Sơn,2019,1
203,Starbucks,Cần Thơ,2019,0
221,The Coffee House,Thanh Hóa,2019,1
211,The Coffee House,Cần Thơ,2019,3
197,Phúc Long,Đà Nẵng,2019,2
126,Starbucks,Đà Nẵng,2018,1
109,Highlands Coffee,Phú Thọ,2018,1
47,Starbucks,Cần Thơ,2017,0
99,Highlands Coffee,Đà Nẵng,2018,19
42,Phúc Long,Đồng Nai,2017,0
53,The Coffee House,Bắc Ninh,2017,0
225,Trung Nguyên,Bình Dương,2019,2
229,Trung Nguyên,Hà Nam,2019,1
107,Highlands Coffee,Nghệ An,2018,3
146,The Coffee House,Vũng Tàu,2018,3
137,The Coffee House,Hà Nội,2018,24
51,Starbucks,Hồ Chí Minh,2017,21
85,Cộng Cà Phê,Hồ Chí Minh,2018,12
150,Trung Nguyên,Đắk Lắk,2018,1
133,The Coffee House,Cần Thơ,2018,1
16,Cộng Cà Phê,Thừa Thiên Huế,2017,0
2,Cộng Cà Phê,Cần Thơ,2017,0
37,Highlands Coffee,Tiền Giang,2017,0
7,Cộng Cà Phê,Hồ Chí Minh,2017,8
15,Cộng Cà Phê,Thanh Hóa,2017,0
96,Highlands Coffee,Bình Định,2018,1
69,Trung Nguyên,Bình Dương,2017,2
89,Cộng Cà Phê,Quảng Nam,2018,1
216,The Coffee House,Hải Phòng,2019,4
73,Trung Nguyên,Hà Nam,2017,0
78,Trung Nguyên,Nha Trang,2017,2
125,Starbucks,Cần Thơ,2018,0
24,Highlands Coffee,Hải Phòng,2017,9
18,Highlands Coffee,Bình Định,2017,0
122,Phúc Long,Hải Phòng,2018,0
132,The Coffee House,Bình Dương,2018,1
44,Phúc Long,Hải Phòng,2017,0
190,Highlands Coffee,Thái Bình,2019,1
9,Cộng Cà Phê,Lào Cai,2017,1
165,Cộng Cà Phê,Lào Cai,2019,1
141,The Coffee House,Nghệ An,2018,3
23,Highlands Coffee,Hà Nội,2017,57
170,Cộng Cà Phê,Thái Nguyên,2019,1
217,The Coffee House,Hồ Chí Minh,2019,84
168,Cộng Cà Phê,Quảng Ninh,2019,1
88,Cộng Cà Phê,Nha Trang,2018,1
182,Highlands Coffee,Hưng Yên,2019,1
3,Cộng Cà Phê,Đà Nẵng,2017,2
39,Phúc Long,Bình Dương,2017,2
201,Phúc Long,Hồ Chí Minh,2019,39
62,The Coffee House,Hưng Yên,2017,0
6,Cộng Cà Phê,Hải Phòng,2017,1
21,Highlands Coffee,Đà Nẵng,2017,15
227,Trung Nguyên,Đà Nẵng,2019,1
59,The Coffee House,Hà Nội,2017,11
189,Highlands Coffee,Quảng Ninh,2019,4
102,Highlands Coffee,Hải Phòng,2018,13
10,Cộng Cà Phê,Nha Trang,2017,1
14,Cộng Cà Phê,Thái Nguyên,2017,0
17,Highlands Coffee,Bắc Ninh,2017,2
155,Trung Nguyên,Lào Cai,2018,1
162,Cộng Cà Phê,Hải Phòng,2019,2
224,The Coffee House,Vũng Tàu,2019,3
94,Cộng Cà Phê,Thừa Thiên Huế,2018,1
187,Highlands Coffee,Phú Thọ,2019,1
210,The Coffee House,Bình Dương,2019,1
151,Trung Nguyên,Hà Nam,2018,1
54,The Coffee House,Bình Dương,2017,0
159,Cộng Cà Phê,Đà Nẵng,2019,2
28,Highlands Coffee,Nam Định,2017,1
148,Trung Nguyên,Cần Thơ,2018,4
199,Phúc Long,Hà Nội,2019,3
90,Cộng Cà Phê,Quảng Ninh,2018,1
55,The Coffee House,Cần Thơ,2017,0
66,The Coffee House,Thừa Thiên Huế,2017,0
233,Trung Nguyên,Lào Cai,2019,1
103,Highlands Coffee,Hồ Chí Minh,2018,104
232,Trung Nguyên,Hồ Chí Minh,2019,43
13,Cộng Cà Phê,Seoul,2017,1
171,Cộng Cà Phê,Thanh Hóa,2019,1
33,Highlands Coffee,Quảng Ninh,2017,3
139,The Coffee House,Hồ Chí Minh,2018,79
40,Phúc Long,Cần Thơ,2017,0
206,Starbucks,Hải Phòng,2019,2
87,Cộng Cà Phê,Lào Cai,2018,1
77,Trung Nguyên,Lào Cai,2017,1
115,Highlands Coffee,Tiền Giang,2018,1
208,Starbucks,Nha Trang,2019,0
144,The Coffee House,Thừa Thiên Huế,2018,1
60,The Coffee House,Hải Phòng,2017,0
136,The Coffee House,Đồng Nai,2018,2
157,Cộng Cà Phê,Bắc Ninh,2019,1
191,Highlands Coffee,Thanh Hóa,2019,4
196,Phúc Long,Cần Thơ,2019,1
154,Trung Nguyên,Hồ Chí Minh,2018,42
200,Phúc Long,Hải Phòng,2019,0
194,Highlands Coffee,Vũng Tàu,2019,6
43,Phúc Long,Hà Nội,2017,0
175,Highlands Coffee,Bình Dương,2019,11
152,Trung Nguyên,Hà Nội,2018,8
19,Highlands Coffee,Bình Dương,2017,7
72,Trung Nguyên,Đắk Lắk,2017,1
147,Trung Nguyên,Bình Dương,2018,2
105,Highlands Coffee,Long An,2018,1
156,Trung Nguyên,Nha Trang,2018,3
100,Highlands Coffee,Đồng Nai,2018,10
127,Starbucks,Hà Nội,2018,15
74,Trung Nguyên,Hà Nội,2017,6
178,Highlands Coffee,Đồng Nai,2019,11
212,The Coffee House,Đà Nẵng,2019,9
76,Trung Nguyên,Hồ Chí Minh,2017,33
179,Highlands Coffee,Hà Nội,2019,84
58,The Coffee House,Đồng Nai,2017,1
226,Trung Nguyên,Cần Thơ,2019,4
20,Highlands Coffee,Cần Thơ,2017,4
163,Cộng Cà Phê,Hồ Chí Minh,2019,14
142,The Coffee House,Nha Trang,2018,0
167,Cộng Cà Phê,Quảng Nam,2019,1
143,The Coffee House,Thanh Hóa,2018,1
223,The Coffee House,Tiền Giang,2019,1
120,Phúc Long,Đồng Nai,2018,0
149,Trung Nguyên,Đà Nẵng,2018,1
27,Highlands Coffee,Long An,2017,0
95,Highlands Coffee,Bắc Ninh,2018,4
129,Starbucks,Hồ Chí Minh,2018,28
140,The Coffee House,Hưng Yên,2018,1
49,Starbucks,Hà Nội,2017,9
204,Starbucks,Đà Nẵng,2019,3
185,Highlands Coffee,Nghệ An,2019,4
181,Highlands Coffee,Hồ Chí Minh,2019,113
192,Highlands Coffee,Thừa Thiên Huế,2019,5
91,Cộng Cà Phê,Seoul,2018,2
41,Phúc Long,Đà Nẵng,2017,1
29,Highlands Coffee,Nghệ An,2017,3
161,Cộng Cà Phê,Hà Nội,2019,32
48,Starbucks,Đà Nẵng,2017,0
177,Highlands Coffee,Đà Nẵng,2019,20
81,Cộng Cà Phê,Đà Nẵng,2018,2
205,Starbucks,Hà Nội,2019,18
119,Phúc Long,Đà Nẵng,2018,2
114,Highlands Coffee,Thừa Thiên Huế,2018,5
67,The Coffee House,Tiền Giang,2017,0
215,The Coffee House,Hà Nội,2019,28
214,The Coffee House,Đồng Nai,2019,2
92,Cộng Cà Phê,Thái Nguyên,2018,1
46,Phúc Long,Nha Trang,2017,0
213,The Coffee House,Đắk Lắk,2019,2
234,Trung Nguyên,Nha Trang,2019,3
52,Starbucks,Nha Trang,2017,0
228,Trung Nguyên,Đắk Lắk,2019,1
26,Highlands Coffee,Hưng Yên,2017,1
86,Cộng Cà Phê,Lạng Sơn,2018,1
108,Highlands Coffee,Nha Trang,2018,9
93,Cộng Cà Phê,Thanh Hóa,2018,0
30,Highlands Coffee,Nha Trang,2017,5
110,Highlands Coffee,Quảng Nam,2018,2
218,The Coffee House,Hưng Yên,2019,1
169,Cộng Cà Phê,Seoul,2019,3
202,Phúc Long,Nha Trang,2019,1
219,The Coffee House,Nghệ An,2019,3
22,Highlands Coffee,Đồng Nai,2017,9
84,Cộng Cà Phê,Hải Phòng,2018,1
174,Highlands Coffee,Bình Định,2019,2
176,Highlands Coffee,Cần Thơ,2019,5
71,Trung Nguyên,Đà Nẵng,2017,1
131,The Coffee House,Bắc Ninh,2018,2
5,Cộng Cà Phê,Hà Nội,2017,26
130,Starbucks,Nha Trang,2018,0
180,Highlands Coffee,Hải Phòng,2019,14
63,The Coffee House,Nghệ An,2017,0
124,Phúc Long,Nha Trang,2018,1
117,Phúc Long,Bình Dương,2018,2
195,Phúc Long,Bình Dương,2019,2
25,Highlands Coffee,Hồ Chí Minh,2017,85
207,Starbucks,Hồ Chí Minh,2019,33
106,Highlands Coffee,Nam Định,2018,1
82,Cộng Cà Phê,Gyeonggi,2018,1
65,The Coffee House,Thanh Hóa,2017,0
160,Cộng Cà Phê,Gyeonggi,2019,1
186,Highlands Coffee,Nha Trang,2019,10
75,Trung Nguyên,Hải Phòng,2017,0
184,Highlands Coffee,Nam Định,2019,1
38,Highlands Coffee,Vũng Tàu,2017,5
209,The Coffee House,Bắc Ninh,2019,2
134,The Coffee House,Đà Nẵng,2018,9
116,Highlands Coffee,Vũng Tàu,2018,5
83,Cộng Cà Phê,Hà Nội,2018,32
123,Phúc Long,Hồ Chí Minh,2018,36
50,Starbucks,Hải Phòng,2017,1
173,Highlands Coffee,Bắc Ninh,2019,4
97,Highlands Coffee,Bình Dương,2018,11
198,Phúc Long,Đồng Nai,2019,1
138,The Coffee House,Hải Phòng,2018,4
12,Cộng Cà Phê,Quảng Ninh,2017,1
222,The Coffee House,Thừa Thiên Huế,2019,2
118,Phúc Long,Cần Thơ,2018,0
